Video URL,Title,Description,Channel Title,Keyword Tags,YouTube Video Category,Topic Details,Video Published at,Video Duration,View Count,Comment Count,Captions Available,Caption Text,Location of Recording
https://www.youtube.com/watch?v=3BaTzLk9rp0,I LEARNED CODING IN A DAY #shorts,I LEARNED CODING IN A DAY #shorts,Agnit Shorts,['shorts'],24,N/A,2023-03-17T04:30:00Z,PT41S,15526522,553452,TRUE,N/A,Unknown
https://www.youtube.com/watch?v=v5pUL2li_zQ,Coding - Expectation vs Reality | Programming - Expectation vs Reality | Codeiyapa #Shorts,This is a funny video made to show difference between expectation and reality related to coding or programming.,Codeiyapa,"['video', 'sharing', 'camera phone', 'video phone', 'free', 'upload']",22,N/A,2021-04-03T11:44:08Z,PT38S,24270817,7502,FALSE,N/A,Unknown
https://www.youtube.com/watch?v=3fkP88FDgaI,coding is shockingly uncomplicated,,Brian Xu,[],27,N/A,2022-09-10T17:53:10Z,PT31S,10916134,7455,TRUE,N/A,Unknown
https://www.youtube.com/watch?v=5-oiLKEWIEw,Best Programming Languages #programming #coding #javascript,,Devslopes,[],28,N/A,2023-05-01T03:26:26Z,PT16S,6902614,4437,FALSE,N/A,Unknown
https://www.youtube.com/watch?v=P5An-rTtM_k,Amazing Rotating Python Graphics Design using Turtle üê¢ #python #pythonshorts #coding #viral #design,"Python Projects for Begineers
Python Turtle
Programming with Turtle
Turtle Graphics
Drawing with Python Turtle
Python Turtle Tutorial
Python Turtle Project
Beginner Python Turtle
Python Turtle Animation
Turtle Art
Python Programming for Kids
Fun with Python Turtle
Creative Coding with Python
Python Turtle Shapes
Python Turtle Games
Python Turtle Challenges
Turtle Graphics in Python
Python Turtle Graphics Tutorial
Python Turtle Speed
Python Turtle Pen Color
Python Turtle Coordinates
Python Turtle Functions
Python Turtle Examples
Python Turtle Patterns
Python Turtle Fractals
Python Turtle Snowflake
Python Turtle Spirograph
Python Turtle Maze
Python Turtle Race Game
Python Turtle Space Invaders Game
Python Turtle Drawing Challenge
Python tips and tricks
Python one-liners
Python code snippets
Python programming challenges
Python hacks
Python tricks for beginners
Python mini-projects
Python shortcuts
Python speed coding
Python quick snippets
Python in a minute
Python bite-sized tutorials
Python mini-lessons
Python coding exercises
Python coding challenges for beginners
Python coding hacks for productivity
Python coding tips for efficiency
Python code walkthroughs
Python coding secrets
Python coding techniques
coding status for whatsapp
As a coder whatsapp status
How to learn coding beginners
How to start coding
How to learn programming language with full
How to become a software Engineer with full information
Software Engineer kaise bane
Web developer career
Introduction to web development
Coding status for whatsapp
python coding status
python programmer
python turtle 
turtle tutorial
turtle module
turtle shorts
python shorts
coding tutorial
python tutorial
Basic computer science
CS
Coding Ninja
Hackerrank
Leetcode
How to solve problem in c
coding problems
coding basic problems",DEV19,"['Python tips and tricks', 'Python one-liners', 'Python code snippets', 'Python hacks', 'Python tricks for beginners', 'Python mini-projects', 'Python shortcuts', 'Python speed coding', 'Python quick snippets', 'Python in a minute', 'Python mini-lessons', 'Python coding exercises', 'Python coding challenges for beginners', 'Python coding hacks for productivity', 'Python coding tips for efficiency', 'Python code walkthroughs', 'Python coding secrets', 'Python coding techniques', 'viral', 'funny', 'graphics design', 'design']",28,N/A,2023-05-14T12:15:01Z,PT17S,1264000,396,TRUE,N/A,Unknown
https://www.youtube.com/watch?v=79pKwdiqcwI,FASTEST Way to Learn Coding and ACTUALLY Get a Job,"‚ñ∫ Crush Your Next Technical Interview! Get my 5-Day free email crash course and a weekly coding challenge: https://www.interviewmaster.io/subscribe

Today, I'll share how to learn programming fast and get your first full-time Software Engineer job - step by step. As a self taught programmer, if you want to learn coding to get a job at FAANG, this video is for you. This video covers following:
1. How to learn to code fast?
2.  How to get a Software Engineer job?
3. How to prepare for Coding interviews?

‚ñ∫ For more content like this, subscribe to our channel: https://www.youtube.com/PowerCouple26

‚ñ∫ Follow us on Linkedin:
https://www.linkedin.com/in/gabag26
https://www.linkedin.com/in/sarrabounouh

‚ñ∫ Let's be FRIENDS! https://www.instagram.com/power_couple26/

‚ñ∫ For business inquiries, reach us on: powercouplejourney@gmail.com


Here are all the resources I mentioned in the video:
1. Learn Python: https://www.learnpython.org/
2. Build Python Projects: https://www.youtube.com/watch?v=8ext9G7xspg
3. Download VS code here: https://code.visualstudio.com/
4. Data Structures and Algorithms: https://www.udacity.com/course/data-structures-and-algorithms-in-python--ud513
5. Leetcode: https://leetcode.com/
6. I am not paid by any of the above. Subscribe to our channel if you want to support us.

NOTE: We are not paid by any of the above. Subscribe to our channel if you want to support us.

#learncoding #programming #softwareengineer #faang 

DISCLAIMER: All opinions shared on this channel are our own and don't express views or opinions of our employers. We only use our experiences and public knowledge to make our content. NO CONFIDENTIAL INFORMATION of our employers is used or shared on this channel. This is not a Professional Coaching channel, it only highlights the public resources that have worked for our careers.",Sahil & Sarra,"['how to learn coding', 'how to become a software engineer', 'how to learn programming', 'how to learn coding for beginners', 'how to learn programming for beginners', 'how to learn coding fast', 'how to become a software developer', 'how to get software engineer job', 'how to get software developer job', 'how to learn to code', 'coding', 'coding interview']",28,N/A,2022-03-19T17:26:33Z,PT8M50S,6776135,3680,TRUE,N/A,Unknown
https://www.youtube.com/watch?v=25RdTDN2Trg,2-Minute Rule to Learn Coding - Atomic Habits,"In this video, I will cover best Coding Habits to Adopt in 2023. I'll also talk about How To Stay Motivated When Learning To Code. This will help you learn coding efficiently. 

Grab your copy of Atomic Habits at https://amzn.to/3IRcabM

‚ñ∫ For more content like this, subscribe to our channel: https://www.youtube.com/PowerCouple26

‚ñ∫ Follow us on Linkedin:
https://www.linkedin.com/in/gabag26
https://www.linkedin.com/in/sarrabounouh

‚ñ∫ Let's be FRIENDS! https://www.instagram.com/power_couple26/

‚ñ∫ For business inquiries, reach us on: powercouplejourney@gmail.com

#learncoding #programming #atomichabits",Sahil & Sarra,"['how to learn coding', 'how to become a software engineer', 'how to learn programming', 'how to learn coding for beginners', 'how to learn programming for beginners', 'how to learn coding fast', 'how to become a software developer', 'how to get software engineer job', 'how to get software developer job', 'how to learn to code', 'coding', 'coding interview', 'atomic habits', 'james clear']",28,N/A,2023-01-13T14:00:09Z,PT7M58S,1195422,2360,TRUE,N/A,Unknown
https://www.youtube.com/watch?v=W-8j4MrsX2s,Amazing Flower Design using Python turtle üê¢ #python #coding #funny #viral #trending #design,"Python Projects for Begineers
Python Turtle
Programming with Turtle
Turtle Graphics
Drawing with Python Turtle
Python Turtle Tutorial
Python Turtle Project
Beginner Python Turtle
Python Turtle Animation
Turtle Art
Python Programming for Kids
Fun with Python Turtle
Creative Coding with Python
Python Turtle Shapes
Python Turtle Games
Python Turtle Challenges
Turtle Graphics in Python
Python Turtle Graphics Tutorial
Python Turtle Speed
Python Turtle Pen Color
Python Turtle Coordinates
Python Turtle Functions
Python Turtle Examples
Python Turtle Patterns
Python Turtle Fractals
Python Turtle Snowflake
Python Turtle Spirograph
Python Turtle Maze
Python Turtle Race Game
Python Turtle Space Invaders Game
Python Turtle Drawing Challenge
Python tips and tricks
Python one-liners
Python code snippets
Python programming challenges
Python hacks
Python tricks for beginners
Python mini-projects
Python shortcuts
Python speed coding
Python quick snippets
Python in a minute
Python bite-sized tutorials
Python mini-lessons
Python coding exercises
Python coding challenges for beginners
Python coding hacks for productivity
Python coding tips for efficiency
Python code walkthroughs
Python coding secrets
Python coding techniques
coding status for whatsapp
As a coder whatsapp status
How to learn coding beginners
How to start coding
How to learn programming language with full
How to become a software Engineer with full information
Software Engineer kaise bane
Web developer career
Introduction to web development
Coding status for whatsapp
python coding status
python programmer
python turtle 
turtle tutorial
turtle module
turtle shorts
python shorts
coding tutorial
python tutorial
Basic computer science
CS
Coding Ninja
Hackerrank
Leetcode
How to solve problem in c
coding problems
coding basic problems",DEV19,"['Python tips and tricks', 'Python one-liners', 'Python code snippets', 'Python hacks', 'Python tricks for beginners', 'Python mini-projects', 'Python shortcuts', 'Python speed coding', 'Python quick snippets', 'Python in a minute', 'Python mini-lessons', 'Python coding exercises', 'Python coding challenges for beginners', 'Python coding hacks for productivity', 'Python coding tips for efficiency', 'Python code walkthroughs', 'Python coding secrets', 'Python coding techniques', 'viral', 'funny', 'graphics design', 'design']",28,N/A,2023-05-24T13:15:02Z,PT14S,665388,271,FALSE,N/A,Unknown
https://www.youtube.com/watch?v=aeEMvz82D1Y,Junior vs Senior developer programming #coding #programming #code #shorts #htmlcss #javascript,"Junior vs Senior developer programming #coding #programming #code #shorts #htmlcss #javascript 

Code Editor: VS Code  

üåü Please don‚Äôt forget to LIKE ‚ù§Ô∏è SHARE and SUBSCRIBE for more amazing tutorials and web development content! üåü

#html #css #webdevelopment #programmingtips #codehacks #frontenddevelopment #learncoding #techtips #codinglife #developertips #webdesign #codenewbie #javascript #codingtutorials #programminglife #shorts #youtubeshorts #shortsvideo #noobvspro",Coding With Nick,"['html', 'css', 'html and css', 'html css', 'frontend developer', 'frontend', 'web developer', 'image slider', 'coding with nick', 'web design', 'web development', 'programming tips', 'coding tricks', 'learn coding', 'front-end development', 'coding tips', 'developer tutorials', 'responsive design', 'programming for beginners', 'web development hacks', 'javascript tips', 'coding for beginners', 'programming tutorials', 'tech tips', 'software development', 'coding life', 'developer hacks', 'css shorts', 'html shorts']",27,N/A,2024-12-21T04:30:01Z,PT13S,460,0,TRUE,N/A,Unknown
https://www.youtube.com/watch?v=J8CwlpEwHoA,How to confuse a Python Developer?,"#shorts
In this video, we will see how you can easily confuse a python developer!
All the source code and other material will be uploaded on https://codewithharry.com as and when available!
‚ñ∫Check out my English channel here: https://www.youtube.com/channel/UC7btqG2Ww0_2LwuQxpvo2HQ
‚ñ∫Instagram: www.instagram.com/codewithharry

python, C, C++, Java, JavaScript, and Other Cheetsheets [++]:
Playlist: https://www.youtube.com/playlist?list=PLu0W_9lII9agrsRZjFECeFuWY5ev2pQlk

‚ñ∫Learn in One Video[++]:
Python[15 Hr] - https://www.youtube.com/watch?v=gfDE2a7MKjA&list=PLu0W_9lII9ahKZ42vg2w9ERPmShYbYAB7
Python Advance[3.5 Hr] - https://www.youtube.com/watch?v=61a7UkDO50s&list=PLu0W_9lII9ahKZ42vg2w9ERPmShYbYAB7
Python[1 Hr] - https://www.youtube.com/watch?v=qHJjMvHLJdg&list=PLu0W_9lII9ahKZ42vg2w9ERPmShYbYAB7
Python[2 Hr] - https://www.youtube.com/watch?v=ihk_Xglr164&list=PLu0W_9lII9ahKZ42vg2w9ERPmShYbYAB7
Python[15 Min] -https://www.youtube.com/watch?v=fr1f84rg4Nw&list=PLu0W_9lII9ahKZ42vg2w9ERPmShYbYAB7
JavaScript[1 Hr] - https://www.youtube.com/watch?v=onbBV0uFVpo&list=PLu0W_9lII9ahKZ42vg2w9ERPmShYbYAB7
C[1.3 Hr]-https://www.youtube.com/watch?v=YXcgD8hRHYY&list=PLu0W_9lII9ahKZ42vg2w9ERPmShYbYAB7
php[1 Hr] - https://www.youtube.com/watch?v=xW7ro3lwaCI&list=PLu0W_9lII9ahKZ42vg2w9ERPmShYbYAB7
php[2.3 Hr] -https://www.youtube.com/watch?v=1SnPKhCdlsU&list=PLu0W_9lII9ahKZ42vg2w9ERPmShYbYAB7
php[Project]- https://www.youtube.com/watch?v=-al2bECumKg&list=PLu0W_9lII9ahKZ42vg2w9ERPmShYbYAB7
HTML[30 Min] -https://www.youtube.com/watch?v=E3ByCRqE7Lo&list=PLu0W_9lII9ahKZ42vg2w9ERPmShYbYAB7
CSS[8.5 Hr] -https://www.youtube.com/watch?v=Edsxf_NBFrw&list=PLu0W_9lII9ahKZ42vg2w9ERPmShYbYAB7
CSS[1.4 Hr] -https://www.youtube.com/watch?v=u5-K_ua9sOw&list=PLu0W_9lII9ahKZ42vg2w9ERPmShYbYAB7
Wordpress[3.2 Hr] -https://www.youtube.com/watch?v=GlLRYml8mCY&list=PLu0W_9lII9ahKZ42vg2w9ERPmShYbYAB7
Angular[2 Hr] -https://www.youtube.com/watch?v=0LhBvp8qpro&list=PLu0W_9lII9ahKZ42vg2w9ERPmShYbYAB7
Java[2.3 Hr] -https://www.youtube.com/watch?v=rV_3Lewxx6o&list=PLu0W_9lII9ahKZ42vg2w9ERPmShYbYAB7
Web Scraping[1 Hr] -https://www.youtube.com/watch?v=uufDGjTuq34&list=PLu0W_9lII9ahKZ42vg2w9ERPmShYbYAB7
MongoDB[2 Hr] -https://www.youtube.com/watch?v=oSIv-E60NiU&list=PLu0W_9lII9ahKZ42vg2w9ERPmShYbYAB7
Numpy[1 Hr] -https://www.youtube.com/watch?v=Rbh1rieb3zc&list=PLu0W_9lII9ahKZ42vg2w9ERPmShYbYAB7
Android Dev[12 Hr]- https://www.youtube.com/watch?v=mXjZQX3UzOs
Linux[1 Hr] -https://www.youtube.com/watch?v=_tCY-c-sPZc&list=PLu0W_9lII9ahKZ42vg2w9ERPmShYbYAB7
JQuery[1.1 Hr] -https://www.youtube.com/watch?v=YFlx1C8XwR0&list=PLu0W_9lII9ahKZ42vg2w9ERPmShYbYAB7
Git and GitHub[1.1 Hr] -https://www.youtube.com/watch?v=gwWKnnCMQ5c&list=PLu0W_9lII9ahKZ42vg2w9ERPmShYbYAB7

‚ñ∫Complete course [playlist]:
React - https://www.youtube.com/playlist?list=PLu0W_9lII9agx66oZnT6IyhcMIbUMNMdt
Python-https://www.youtube.com/playlist?list=PLu0W_9lII9agICnT8t4iYVSZ3eykIAOME
OOP Python-https://www.youtube.com/playlist?list=PLu0W_9lII9ahfRrhFcoB-4lpp9YaBmdCP
Java -https://www.youtube.com/playlist?list=PLu0W_9lII9agS67Uits0UnJyrYiXhDS6q
JavaScript- https://www.youtube.com/playlist?list=PLu0W_9lII9ajyk081To1Cbt2eI5913SsL
PHP-https://www.youtube.com/playlist?list=PLu0W_9lII9aikXkRE0WxDt1vozo3hnmtR
C-https://www.youtube.com/playlist?list=PLu0W_9lII9aiXlHcLx-mDH1Qul38wD3aR
C++-https://www.youtube.com/playlist?list=PLu0W_9lII9agpFUAlPFe_VNSlXW5uE0YL
Git & GitHub-https://www.youtube.com/playlist?list=PLu0W_9lII9ahVQekD7ePHmnirTePXwIln
Android Dev- https://www.youtube.com/playlist?list=PLu0W_9lII9aiL0kysYlfSOUgY5rNlOhUd
Python GUI- https://www.youtube.com/playlist?list=PLu0W_9lII9ajLcqRcj4PoEihkukF_OTzA
Web Development- https://www.youtube.com/playlist?list=PLu0W_9lII9agiCUZYRsvtGTXdxkzPyItg
Python Django -https://www.youtube.com/playlist?list=PLu0W_9lII9ah7DDtYtflgwMwpT3xmjXY9
Projects Using HTML, CSS & Javascript- https://www.youtube.com/playlist?list=PLu0W_9lII9aiQiOwthuSvinxoflmhRxM3
Data Structure and Algo -https://www.youtube.com/playlist?list=PLu0W_9lII9ahIappRPN0MCAgtOu3lQjQi 

Follow Me On Social Media
‚ñ∫Website (created using Django Rest & Angular) - https://www.codewithharry.com
‚ñ∫Facebook - https://www.facebook.com/CodeWithHarry
‚ñ∫Instagram - https://www.instagram.com/codewithharry/ 
Twitter - https://twitter.com/Haris_Is_Here
Comment ""#HarryBhai"" if you read this üòâüòâ",CodeWithHarry,[],27,N/A,2022-05-11T17:00:09Z,PT15S,1714724,1051,TRUE,N/A,Unknown
https://www.youtube.com/watch?v=eKqY-oP1d_Y,How to Start Coding? Learn Programming for Beginners,"Are you worried about placements/internships? Want to prepare for companies like Microsoft, Amazon & Google? Join ALPHA.
üî¥ Alpha Placement Batch - https://bit.ly/3ELJjn2

Join the Community : https://telegram.me/+k4rdgTPwmm5kMGVl

üî•Java Placement Course : https://www.youtube.com/watch?v=yRpLlJmRo2w&list=PLfqMhTWNBTe3LtFWcvwpqTkUSlB32kJop
üî•Complete C++ Placement Course (Data Structures+Algorithm) :https://www.youtube.com/playlist?list=PLfqMhTWNBTe0b2nM6JHVCnAkhQRGiZMSJ
üî•Instagram: https://www.instagram.com/dhattarwalaman/",Apna College,"['C++', 'C++ coding', 'C++ full course', 'C++ placement course', 'how to code', 'programming', 'college placement course', 'C++ language', 'java', 'java language', 'java full course', 'java placement', 'java code', 'java coding']",27,N/A,2022-01-25T17:54:00Z,PT11M5S,7867752,6208,TRUE,N/A,Unknown
https://www.youtube.com/watch?v=gJJfK2kGDBo,‚ù§‚ù§‚ù§ Make a full heart java code ‚ù§‚ù§üíªüíªüíªüìíüìíüíªüòòü§ó‚ù§‚ù§,,Code With Hacker,[],22,N/A,2021-09-05T09:23:58Z,PT13S,515586,124,TRUE,N/A,Unknown
https://www.youtube.com/watch?v=dBk_BfXtoE4,Demure programmer üòåü•∞ #demure #coding,,Alberta Tech,[],28,N/A,2024-08-15T13:35:35Z,PT33S,669100,1155,TRUE,N/A,Unknown
https://www.youtube.com/watch?v=hRUJ41rdp4M,1 Year of Coding #programming #comedy #coding,,Devslopes,[],24,N/A,2023-06-18T04:14:29Z,PT19S,3202812,1533,TRUE,N/A,Unknown
https://www.youtube.com/watch?v=FIZI3k7mTvA,what 10 years of coding looks like‚Ä¶,Full video on @jomakaze  #coding #programming #tech #computerscience #math,Joma Clips,[],22,N/A,2022-05-22T23:43:57Z,PT59S,24769429,11481,TRUE,N/A,Unknown
https://www.youtube.com/watch?v=X-cdWlx7hQI,Why is Coding Important?,"#shorts
üî•Telegram: https://t.me/+k4rdgTPwmm5kMGVl
üî• Complete C Course : https://bit.ly/FullTutorialC
üî• Java Placement Course(with DSA) : https://bit.ly/JavaPlaylistComplete
üî• C++ Placement Course (DSA) : https://bit.ly/CppPlaylistComplete
üî• Instagram : https://www.instagram.com/collegeapna/?hl=en
My YouTube Gear üòâ: https://docs.google.com/document/d/1pyTJVmed-rHFXNqQodOTYr7z-EhH37s8pvtYpR0vMR4/edit?usp=sharing",Apna College,"['C++', 'C++ coding', 'C++ full course', 'C++ placement course', 'how to code', 'programming', 'college placement course', 'C++ language', 'java', 'java language', 'java full course', 'java placement', 'java code', 'java coding']",27,N/A,2022-04-07T14:32:01Z,PT51S,8990317,1841,TRUE,N/A,Unknown
https://www.youtube.com/watch?v=WR1ydijTx5E,"How I Learned to Code in 4 Months & Got a Job! (No CS Degree, No Bootcamp)","I went from being a college dropout with zero technical skills to landing a software developer job in 4 months. This video is about how I became a self-taught software developer and how I learned how to code without a computer science degree or coding bootcamp. 

Connect With Me: 
‚≠êÔ∏è Main Site: https://www.timkim.me/ 
üê¶ Twitter: https://twitter.com/TimKimMe 
üì∏ Instagram: https://www.instagram.com/timkim.me/ 

Courses To Help Supplement Learning: 
(COUPON CODE FOR 10% OFF ‚û°Ô∏è FRIENDS10) 
üìö Learning How To Learn: https://bit.ly/TK_LHTL_ZTM 
üõ†Ô∏è Build JS Projects Step-by-Step: https://bit.ly/TK_JS_ZTM 
üü£ React: https://bit.ly/TK_React_ZTM 
üÖ±Ô∏è Node: https://bit.ly/TK_Node_ZTM 
üßê Coding Interview Prep (DSA): https://bit.ly/TK_DSA_ZTM 

Ready To Build Your Own App?
üíª Learn to Code in Weeks: https://bit.ly/CodeFast

Learn How To Code Playlist: 
https://www.youtube.com/playlist?list=PLt3w0xGh6M0hpR26CyGYwGMFcsuLl8i8w

Mentioned Resources: 
‚≠êÔ∏è https://www.coursera.org/learn/learning-how-to-learn 
üèïÔ∏è https://www.freecodecamp.org/ 
üîé https://watchandcode.com/

Find Remote Jobs: 
üíª https://remoteok.com/ 
üíª https://weworkremotely.com/

Tools I Used For Learning How To Code: 
¬∑ Laptop Stand - https://amzn.to/3PgoMvU 
¬∑ Pomodoro Timer - https://amzn.to/3NqoxgC 
¬∑ Bose Headphones - https://amzn.to/3CseP7f 
¬∑ Vertical Mouse - https://amzn.to/3JaWtLA 
¬∑ Apple Keyboard - https://amzn.to/43SSRFX 
¬∑ Laptop Backpack - https://amzn.to/3qFCu1p 

Behind The Scenes: 
üé¨ https://www.timkim.me/ep-3-the-coding-video/

Music For Creators:
üéµ https://share.epidemicsound.com/2xtucq

Disclaimer: Some of the links are affiliate links so I can feed mi familia while I make these videos for you guys. üôèüôèüôè",Tim Kim,"['learn to code', 'get a job', 'learn programming', 'programming', 'coding', 'how to code', 'software developer', 'software engineering', 'software developer job', 'How to learn', 'How to learn how to code', 'Get a job in tech', 'tech jobs with no experience', 'tech jobs', 'software engineer', 'code', 'coding job', 'javascript', 'learn javascript', 'how to program an app', 'startup', 'computer science', 'learn how to code', 'internship interview', 'tech job', 'learn to code for beginners', 'no cs degree', 'self taught programmer']",22,N/A,2023-06-13T18:52:08Z,PT9M51S,6536405,7315,TRUE,N/A,Unknown
https://www.youtube.com/watch?v=eaMDDseIL7E,How to create graphics using Python turtle üêçüê¢ #coding,"This tutorial will create colorful graphics using the python turtle library. 
Let's have some fun by making some excellent graphics in python turtle. 

Related Tags
python turtle graphics tutorial,
python turtle tutorial,
python turtle animation,
python turtle projects,
python turtle graphics animation,
python turtle art,
python turtle basics,
python turtle beginner,
python turtle cool designs

Hashtags 
#python #graphics #programming #pythonturtle #turtle #coolgraphics #python #gui #coding #trending

Learn python coding and programming for beginners. Here you will also learn to build small projects and scripts that will help you excel in your python programming skills. 

Let's build some cool things and have fun with python coding. 

This Channel will show you that you don‚Äôt have to be an expert computer programmer in order to start using programming languages! 

Python is a high-level programming language that is used in many different fields.",Fun with Python,"['python turtle', 'python', 'python turtle graphics tutorial', 'python turtle graphics', 'python turtle tutorial', 'python turtle art', 'python turtle projects', 'python turtle module', 'python turtle animation', 'turtle python', 'python tutorial', 'turtle', 'python programming', 'python turtle graphics animation', 'python turtle drawings', 'python turtle cool designs', 'turtle graphics', 'turtle in python', 'turtle python code', 'turtle module python', 'top python turtle design', 'Python turtle graphics design']",27,N/A,2022-08-24T16:52:44Z,PT14S,1325864,382,TRUE,N/A,Unknown
https://www.youtube.com/watch?v=6er14t0WA38,What programming language you should learnüë©‚Äçüíª(based off your interests) #programming #technology,,Coding with Lewis,[],28,N/A,2022-09-08T15:30:22Z,PT32S,816539,1213,TRUE,N/A,Unknown
https://www.youtube.com/watch?v=FMTFkcg64Vw,How to Start Coding for Beginners || Roadmap for 24 LPA JOBs || Honest Roadmap,"Join C, Python, Web Dev and DSA in JAVA from 
https://www.codewithswaroop.com üî•


‚úÖ 250 Programs In C/Python: https://docs.google.com/document/d/1WGA5-2G-8QFA6yPT3SIS8_yHQCS64-ijQhv0JQQ2DlM/edit

‚ù§Ô∏è Please Like and Share this video with your Friends also consider Subscribing to the Channel.


üì∏ Gear I Use for YouTube üì∏

üì±VIVO Z1X: https://amzn.to/3Dpqqol, 
üì±iPhone 13 for Vlogs: https://amzn.to/3kPAfpc
üéôÔ∏èMic BOYA BY M1: https://amzn.to/3kKg3VD
üì∏ Selfie Stick Tripod: https://amzn.to/3HFc1qQ
üí°Light: https://amzn.to/3Y3mEsS
üì∏ Tripod for Light: https://amzn.to/3WGGgBL

üë¶ More About Me üë¶


üìÇGitHub: https://github.com/BJSwaroop
üìù LinkedIn: https://www.linkedin.com/in/swaroop-vitb/
üì±Instagram: https://www.instagram.com/_swaroopchinnu/
Contact Mail: bjswaroop1@gmail.com

‚åõ Time Stamps ‚åõ

00:00 Introduction
00:47 Content
01:32 Why Coding?
03:51 What Language to Choose
04:55 Learn CS Fundamentals
05:50 Practice
07:22 DSA
09:50 Development
10:29 Learn How to Learn

‚ú® Tags ‚ú® 
#learningskills #earning #collegelife 

investing in your 20s,how to build wealth in your 20s,do these things in your 20s,how to get rich in your 20s,grind in your 20s,best life advice for your 20s,habits for your 20s,get rich in your 20s,habits you should start in your 20s,level up in your 20s,how to level up in your 20s,things to do in your 20s,things you must do in your 20s,things i wish i knew in my 20s,investing for beginners,things you need to do in your 20s,how to make money as college student,how to make money as a college student,how to make money in college,ways to make money in college,jobs for college students,earning money in college,making money in college online,easy side hustles for college students,streams of income from college students,side hustles for students,easy side hustles for college sudents,how to make money in high school,make money in college,side hustles for college students
learning skills, learning skills for students, learning skills during lockdown, learning skills for 3 year old, learning skills for 2 year olds, learning skills in hindi, learning skills channel, after 12th how to become ias officer, eamcet,
skills to learn,
skills to learn to make money,
skills to learn in 2023,
skills to learn in free time for students,
skills to learn at home,
skills to learn for freelancing,
skills to learn,
skills to learn in lockdown,
skills to learn for students,
skills to learn in free time 
skills to learn for future,
skills to learn in college,
skills to learn in 20s,
roadmap for interview preparation,how to learn programming for beginners,how to learn coding,how to start coding,should you still learn to code in 2024,data engineer roadmap 2024,roadmap for data engineer,recession 2024,how to learn programming,how to become a data analyst,how to learn to code for beginners,coding,the best free coding course for beginners,how to prepare for placements and internships in 3 months,how to become software engineer",Swaroop VITB,"['roadmap for interview preparation', 'how to learn programming for beginners', 'how to learn coding', 'how to start coding', 'should you still learn to code in 2024', 'data engineer roadmap 2024', 'roadmap for data engineer', 'recession 2024', 'how to learn programming', 'how to become a data analyst', 'how to learn to code for beginners', 'coding', 'the best free coding course for beginners', 'how to prepare for placements and internships in 3 months', 'how to become software engineer']",27,N/A,2024-06-29T14:00:07Z,PT12M57S,281626,819,FALSE,N/A,Unknown
https://www.youtube.com/watch?v=_YtBzytHll4,I LOVE YOU program in C Language || #shorts || #CloudCODE,,CloudCODE,[],22,N/A,2021-10-01T15:10:12Z,PT43S,2982064,1199,TRUE,N/A,Unknown
https://www.youtube.com/watch?v=GqKgFdk0PfE,The FUNNIEST Comments left in code üíªüíÄ #developer #softwaredeveloper #technology #tech #code,,Coding with Lewis,[],28,N/A,2024-06-10T18:16:39Z,PT59S,2700729,744,TRUE,N/A,Unknown
https://www.youtube.com/watch?v=QltVBESa0iE,How to create your first websiteüíª #coding #website #webdev #code #shorts #html,#programming #programmer #coding #code #softwareengineer #computerscience #website #firstwebsite #softwaredeveloper #software #codingjourney #codingblog #techtips #techblog #html #learnhtml #webdev #shorts #youtubeshorts,Kev in Tech,[],28,N/A,2021-09-06T22:51:51Z,PT30S,1667392,592,TRUE,N/A,Unknown
https://www.youtube.com/watch?v=k7LSFYyBZUs,Coding for 1 Month Versus 1 Year #shorts #coding,,Devslopes,[],28,N/A,2022-09-16T17:29:40Z,PT24S,7045522,3257,TRUE,N/A,Unknown
https://www.youtube.com/watch?v=aWmUVINkzS8,Watch this before you start Coding! 5 Tips for Coders,"Want to study for Tech Placements/Internships from us :
Our Latest Placement Batches : https://linktr.ee/apnacollege.in

Share your progress on Twitter : https://x.com/ShradhaKhapra_
DSA Series full playlist : https://www.youtube.com/playlist?list=PLfqMhTWNBTe137I_EPQd34TsgV6IO55pt


Shradha Ma'am community 
Instagram : https://www.instagram.com/shradhakhapra
LinkedIn : https://www.linkedin.com/in/shradha-khapra/",Apna College,"['C++', 'C++ coding', 'C++ full course', 'C++ placement course', 'how to code', 'programming', 'college placement course', 'C++ language', 'java', 'java language', 'java full course', 'java placement', 'java code', 'java coding']",27,N/A,2024-12-17T16:44:48Z,PT13M53S,254481,867,TRUE,N/A,Unknown
https://www.youtube.com/watch?v=97i2BAUw5Xc,"before you code, learn how computers work","People hop on stream all the time and ask me, what is the fastest way to learn about the lowest level? How do I learn about how computers work. Check out this video to find out. 

Code: https://pastebin.com/raw/TpHbB91G

üè´ COURSES üè´ Learn to code in C at https://lowlevel.academy

üì∞ NEWSLETTER üì∞  Sign up for our newsletter at https://mailchi.mp/lowlevel/the-low-down

üõí GREAT BOOKS FOR THE LOWEST LEVELüõí
Blue Fox: Arm Assembly Internals and Reverse Engineering: https://amzn.to/4394t87
Practical Reverse Engineering: x86, x64, ARM, Windows Kernel, Reversing Tools, and Obfuscation : https://amzn.to/3C1z4sk
Practical Malware Analysis: The Hands-On Guide to Dissecting Malicious Software : https://amzn.to/3C1daFy
The Ghidra Book: The Definitive Guide: https://amzn.to/3WC2Vkg

üî•üî•üî• SOCIALS üî•üî•üî•
Low Level Merch!: https://lowlevel.store/
Follow me on Twitter: https://twitter.com/LowLevelTweets
Follow me on Twitch: https://twitch.tv/lowlevellearning
Join me on Discord!: https://discord.gg/gZhRXDdBYY",Low Level,"['malloc', 'c programming', 'c++', 'memory allocators', 'heap']",28,N/A,2024-02-07T17:17:46Z,PT7M5S,562194,759,TRUE,N/A,Unknown
https://www.youtube.com/watch?v=zOjov-2OZ0E,Introduction to Programming and Computer Science - Full Course,"In this course, you will learn basics of computer programming and computer science. The concepts you learn apply to any and all programming languages and will be a good base onto which you can build your skills. 

This video is meant for those who are interested in computer science and programming but have no idea where to start and have little to no background information on coding.

‚úèÔ∏èCourse created by Steven and Sean from NullPointer Exception. Check out their channel: https://www.youtube.com/channel/UCmWDlvMYYEbW42B8JyxFBcA

‚≠êÔ∏è Course Contents ‚≠êÔ∏è
‚å®Ô∏è (00:05) Introduction
‚å®Ô∏è (01:37) What is Programming?
‚å®Ô∏è (06:19) How do we write Code?
‚å®Ô∏è (11:44) How do we get Information from Computers?
‚å®Ô∏è (14:46) What can Computers Do?
‚å®Ô∏è (20:43) What are Variables?
‚å®Ô∏è (25:02) How do we Manipulate Variables?
‚å®Ô∏è (31:54) What are Conditional Statements?
‚å®Ô∏è (37:54) What are Array‚Äôs?
‚å®Ô∏è (44:26) What are Loops?
‚å®Ô∏è (49:37) What are Errors?
‚å®Ô∏è (55:22) How do we Debug Code?
‚å®Ô∏è (1:00:25) What are Functions?
‚å®Ô∏è (1:09:52) How can we Import Functions?
‚å®Ô∏è (1:13:45) How do we make our own Functions?
‚å®Ô∏è (1:21:56) What are ArrayLists and Dictionaries?
‚å®Ô∏è (1:27:38) How can we use Data Structures?
‚å®Ô∏è (1:36:27) What is Recursion?
‚å®Ô∏è (1:43:42) What is Pseudocode?
‚å®Ô∏è (1:50:40) Choosing the Right Language?
‚å®Ô∏è (1:55:34) Applications of Programming

--

Learn to code for free and get a developer job: https://www.freecodecamp.org

Read hundreds of articles on programming: https://freecodecamp.org/news",freeCodeCamp.org,[],27,N/A,2020-04-21T13:45:02Z,PT1H59M9S,8906452,4458,TRUE,N/A,Unknown
https://www.youtube.com/watch?v=Zl2-ydH3cYU,How Do I Learn About Hacking? #programming #lowcode #tech #codinglessons #security,"üî¥ LIVE at http://twitch.tv/LowLevelTV
üè´ COURSES üè´ Check out my new courses at https://lowlevel.academy

üôå SUPPORT THE CHANNEL üôå Become a Low Level Associate and support the channel at https://youtube.com/c/LowLevelLearning/join

Why Do Header Files Exist? https://youtu.be/tOQZlD-0Scc
How Does Return Work?  https://youtu.be/e46wHUjNDjE

üî•üî•üî• SOCIALS üî•üî•üî•
Low Level Merch!: https://lowlevel.store/
Follow me on Twitter: https://twitter.com/lowleveltweets
Join me on Discord!: https://discord.gg/gZhRXDdBYY",Low Level,"['raspberry pi', 'pico', 'rpi', 'microcontroller', 'arduino', 'maker', 'craft', 'hobby', 'electronics', 'wires', 'temperature', 'safety', 'project', 'board', 'electric', 'leds', 'led', 'thonny', 'python', 'micropython', 'os', 'ide', 'onewire', 'ds18b20', 'circuitpython', 'review', 'launch', 'measure', 'probe', 'rp2040', 'specs', 'specifications', 'how to', 'guide', 'programming', 'Pico emulation', 'retro games raspberry pi pico', 'etaprime', 'eta prime', 'raspberry pi pico', 'arm cortex m0+', 'low cost']",28,N/A,2023-11-30T13:21:47Z,PT43S,2448205,677,TRUE,N/A,Unknown
https://www.youtube.com/watch?v=q-_ezD9Swz4,Learn To Code Like a GENIUS and Not Waste Time,"To try everything Brilliant has to offer‚Äîfree‚Äîfor a full 30 days, visit https://brilliant.org/TheCodingSloth/ . The first 200 of you will get 20% off Brilliant‚Äôs annual premium subscription.

Learning to code is pretty overwhelming so this video should break down the essential steps and resources you need to start coding as a beginner. No prior experience required. I won't lie this probably isn't everything, but it is enough to get you started with coding. This isn't to get you a job, it's just a quick guide so you can start making your fun projects.

This video was sponsored by Brilliant

// NEWSLETTER //
Sloth Bytes: https://slothbytes.beehiiv.com/subscribe

// PROJECT BASED LEARNING RESOURCES //
https://github.com/codecrafters-io/build-your-own-x
https://github.com/aquadzn/learn-x-by-doing-y

// BUSINESS INQUIRIES //
For business: thecodingsloth@smoothmedia.co
For brand partnerships: https://tally.so/r/mZVvKa

// SOCIALS //
Twitter: https://twitter.com/TheCodingSloth1
TikTok: https://www.tiktok.com/@thecodingsloth
Discord: https://discord.gg/2ByMHqTNca

If you'd like to support me I'd appreciate if you get a membership for the channel so I can give at least give you exclusive perks for the support
https://www.youtube.com/channel/UCxVPH8W2ayMey1-b0SY8rBQ/join",The Coding Sloth,"['programming', 'beginner tips', 'coding advice', 'programming journey', 'coding mistakes', 'programming regrets', 'coding lessons', 'learning to code', 'programming experiences', 'software engineering tips', 'newbie programmer', 'learn programming', 'programming essentials', 'coding basics', 'coding', 'how to learn programming', 'how to learn programming for beginners', 'how to start coding', 'coding for beginners', 'coding resources', 'programming for beginners', 'coding tutorials', 'coding tips', 'free coding resources']",27,N/A,2023-12-21T17:00:35Z,PT9M41S,1859041,1069,TRUE,N/A,Unknown
https://www.youtube.com/watch?v=pXHnLbyDKNQ,How To Study Programming The Lazy Way,"Check out Notion here (Please I love them):https://ntn.so/CodingSloth

yeah I'm pretty lazy.

// NEWSLETTER //
Sloth Bytes: https://slothbytes.beehiiv.com/subscribe

// BUSINESS INQUIRIES //
For business:¬†thecodingsloth@smoothmedia.co
For brand partnerships:¬†https://tally.so/r/mZVvKa

// SOCIALS //
Twitter: https://twitter.com/TheCodingSloth1
TikTok: https://www.tiktok.com/@thecodingsloth
Discord: https://discord.gg/2ByMHqTNca",The Coding Sloth,"['programming', 'beginner tips', 'coding advice', 'programming journey', 'coding mistakes', 'programming regrets', 'coding lessons', 'learning to code', 'programming experiences', 'software engineering tips', 'newbie programmer', 'learn programming', 'programming essentials', 'coding basics', 'coding', 'how to learn programming', 'how to learn programming for beginners', 'how to start coding', 'coding for beginners', 'coding resources', 'programming for beginners', 'coding tutorials', 'coding tips', 'free coding resources']",27,N/A,2024-09-19T20:46:58Z,PT11M15S,698636,795,TRUE,N/A,Unknown
https://www.youtube.com/watch?v=D5CuCZTi2ME,How to Start Coding and Master in it? | Learn Coding in Malayalam with Entri Elevate,"üëâüëâ https://forms.gle/2uw5d5gMSCyzJhbN8
üöÄ Master Coding Skills with Entri! üíª‚ú®

üí¨ Enquiries:
üìû Call: 7736272226
üíö WhatsApp: https://wa.me/917736272226 
üì• Fill out the form to get started: https://forms.gle/2uw5d5gMSCyzJhbN8
‚Ä¶‚Ä¶‚Ä¶‚Ä¶‚Ä¶‚Ä¶‚Ä¶‚Ä¶‚Ä¶‚Ä¶‚Ä¶‚Ä¶‚Ä¶‚Ä¶‚Ä¶‚Ä¶‚Ä¶‚Ä¶‚Ä¶‚Ä¶‚Ä¶‚Ä¶‚Ä¶‚Ä¶‚Ä¶‚Ä¶‚Ä¶‚Ä¶‚Ä¶‚Ä¶‚Ä¶‚Ä¶‚Ä¶‚Ä¶‚Ä¶‚Ä¶‚Ä¶‚Ä¶‚Ä¶‚Ä¶..
Are you ready to step into the world of tech and build a successful career in software development, data science, or testing? üéØ
Entri is here to help you achieve your dreams with:

‚úÖ Expert-Led Training: Learn from industry professionals with hands-on experience.
‚úÖ Comprehensive Courses: Covering Data Science, Machine Learning, Full Stack Web Development, Python Programming, and Software Testing.
‚úÖ Certification: Get certified by Illinois Tech, a globally recognized institution.
‚úÖ Placement Assistance: Gain access to our Placement Accelerator Sessions and land your dream job!

üí° What You‚Äôll Learn:
‚ú® Data Science & Machine Learning: Dive into AI, predictive analytics, and advanced data handling üìä
‚ú® Full Stack Web Development: Master front-end, back-end, and deployment strategies üåê
‚ú® Python Programming: Learn coding basics and advanced programming for various applications üêç
‚ú® Software Testing: Understand testing methodologies, tools, and QA strategies üß™

üîî Why Choose Entri?
‚ú® Industry-relevant curriculum aligned with job market demands üìö
‚ú® Hands-on projects and real-world assignments üîß
‚ú® 1:1 mentorship and doubt-clearing sessions ü§ù
‚ú® Flexible learning schedules and affordable plans üí∞

üí¨ Enquiries:
üìû Call: 7736272226
üíö WhatsApp: https://wa.me/917736272226 
üì• Fill out the form to get started: https://forms.gle/2uw5d5gMSCyzJhbN8

üìå Subscribe now and embark on your coding journey with Entri!

#LearnCoding #CodingForBeginners #DataScienceTraining #MachineLearningCourses #FullStackWebDevelopment #PythonProgramming #SoftwareTestingCourses #IllinoisTechCertification #EntriCoding #CodingClasses #DataScienceWithPython #WebDevelopmentTraining #MLAndAI #PythonForBeginners #LearnSoftwareTesting #PlacementAssistance #CodingBootcamp #TechTrainingOnline #ProgrammingCourses #FullStackDevelopmentCourses #CodingForJobs #PythonProgrammingTutorial #CodingSkills #SoftwareDevelopmentTraining #CodingCareers #TechCareers2024 #PythonForDataScience #WebDeveloperTraining #LearnCodingWithProjects #SoftwareTestingTechniques #TechPlacements #CodingWithCertification #DataScienceWithEntri #WebDevBootcamp #MachineLearningWithPython #LearnProgramming #CodingInPython #SoftwareTestingForBeginners #TechLearningPlatform #PythonDevelopment #FullStackDevelopmentTips #TechSkillsUpgrade #MLProjects #PythonAndML #SoftwareTestingTools #CodingSuccessStories #DataScienceJobs #Coding2024 #CodingAndPlacement #LearnTechSkills",Entri Elevate Coding ‡¥Æ‡¥≤‡¥Ø‡¥æ‡¥≥‡¥Ç ,"['coding malayalam', 'how to start coding', 'how to start coding for beginners', 'how to start coding from scratch', 'learn to code', 'how to code', 'how to learn programming', 'how to learn coding', 'how to learn to code', 'programming', 'how to start programming', 'study coding malayalam', 'coding malayalam class', 'computer coding malayalam', 'learn coding malayalam', 'medical coding malayalam avodha', 'how to learn to code for beginners']",27,N/A,2022-12-07T13:14:23Z,PT3M42S,71349,115,TRUE,N/A,Unknown
https://www.youtube.com/watch?v=NtfbWkxJTHw,How to Learn to Code - 8 Hard Truths,"Learning to code can open many doors in life, but it's NOT easy and NOT for everybody. Let's take a look at 8 different techniques supported by science that can help you become a programmer faster. https://fireship.io/pro

#learntocode #tech #programming

üîó Resources

Feynman Technique https://medium.com/taking-note/learning-from-the-feynman-technique-5373014ad230
How to Get a Tech Job https://youtu.be/Xg9ihH15Uto
Spacing Effect https://en.wikipedia.org/wiki/Spacing_effect
Don't Learn to Code https://techcrunch.com/2016/05/10/please-dont-learn-to-code/

üìö Chapters

00:00 Learn to Code
00:43 1. Hard Work
01:29 2. Patterns over Syntax
02:38 3. Stop Watching
03:22 4. Stay Healthy
03:47 5. Feynman Technique
05:00 6. Dopamine Hits
05:47 7. Not Too Hard tho
06:27 8. Learn Like a Pro

üî• Get More Content - Upgrade to PRO

Upgrade to Fireship PRO at https://fireship.io/pro
Use code lORhwXd2 for 25% off your first payment. 

üé® My Editor Settings

- Atom One Dark 
- vscode-icons
- Fira Code Font

üîñ Topics Covered

Is Learning to Code hard?
Can anybody learn to code?
Tips for learning programming
Staying healthy while coding
Is coding the new literacy?
How to use the Feynman technique
What is the best programming language to start with? Python, JS, Go, Swift, or Kotlin",Fireship,"['webdev', 'app development', 'lesson', 'tutorial']",28,N/A,2022-02-09T15:45:16Z,PT6M46S,2449602,2064,TRUE,N/A,Unknown
https://www.youtube.com/watch?v=9lpbB078AdE,Create a Spiderman using python coding |python programer| #tech #python #coding,"Create a Spiderman using python coding.
In this video we learn about how to make a Spiderman using python coding/python programing.
How to make a Spiderman.
python programing.
create a python programer.
.
.
#short #shorts #python #programming 
#hacker #coding #computer",TitanTech,"['how to make a Spiderman using python coding', 'python programer', 'python programing', 'coding kaise kare', 'python coding se game kaise banaye', 'python language', 'how to create a Spiderman program', 'coding skils', 'coding ideas', 'computer coding', 'making animation using python coding', 'app development with python', 'python']",28,N/A,2022-06-28T04:40:16Z,PT59S,2219958,780,TRUE,N/A,Unknown
https://www.youtube.com/watch?v=RlFmSQq8IsA,Squares | HTML CSS,"#shorts #html #css #tutorials #trending 
Detailed Video / Source Code: https://youtu.be/JvKfIwAPl5o

Sound effects from Pixabay.",Learning Axis,[],27,N/A,2023-03-24T02:48:08Z,PT1M,2388773,730,FALSE,N/A,Unknown
https://www.youtube.com/watch?v=YGnLkHC7pdM,Worst Coding Interview,,Sahil & Sarra,[],28,N/A,2024-01-10T06:23:56Z,PT51S,2016062,746,TRUE,N/A,Unknown
https://www.youtube.com/watch?v=GhIm-Dk1pzk,Devin just came to take your software job‚Ä¶ will code for $8/hr,"Build AI apps in Postgres with Timescale and pgai https://tsdb.co/ts-fireship-da

Let's take a first look at Devin AI, the hyped up AI software engineer that will write code for $500 per month. In addition, we look at other recently advancement in the machine learning space including OpenAI Sora, Google Gemini 2.0, and more.  

#programming #ai #thecodereport 

üí¨ Chat with Me on Discord

https://discord.gg/fireship

üîó Resources

ChatGPT Pro First Look https://youtu.be/Sf4WqHBCYSY
AI taking software engineering jobs https://youtu.be/AgyJv2Qelwk
Steve's Devin breakdown @Steve8708 https://youtu.be/oU3H581uCsA

üî• Get More Content - Upgrade to PRO

Upgrade at https://fireship.io/pro
Use code YT25 for 25% off PRO access 

üé® My Editor Settings

- Atom One Dark 
- vscode-icons
- Fira Code Font

üîñ Topics Covered

- What is Devin AI?
- Devin AI review
- Latest updates in artificial intelligence 
- Will AI replace programmers?
- Best AI coding tools",Fireship,"['webdev', 'app development', 'lesson', 'tutorial']",28,N/A,2024-12-13T15:04:46Z,PT5M13S,1132432,2441,TRUE,N/A,Unknown
https://www.youtube.com/watch?v=CIRGjwYgdT4,Programming vs Coding - What's the difference?,"Freelance Coding is the way in 2024! Learn How: https://www.freemote.com/strategy

https://instagram.com/aaronjack

#coding #programming #javascript ‚ùóFree Programming Cheat Sheets (JavaScript, Python, React, CSS)
https://freemote.com/programming-cheat-sheets

‚ùóLearn How to Earn a Side Income with Freelance Coding
https://freemote.com",Aaron Jack,"['programming', 'web development', 'javascript', 'react', 'learn programming', 'learn to code', 'coding', 'software development', 'become a software developer', 'software developer', 'freelancing', 'freelance developer', 'coding tutorials', 'development']",27,N/A,2021-02-25T08:56:12Z,PT5M59S,2103904,1844,TRUE,N/A,Unknown
https://www.youtube.com/watch?v=av83kx_YGa0,Easiest Programming language to start with to earn money,,ezSnippet,[],22,N/A,2023-05-31T06:59:41Z,PT30S,2062013,843,TRUE,N/A,Unknown
https://www.youtube.com/watch?v=9s29LKfEFjQ,How I would learn to code (If I could start over),"Starting in Special Ed and ending at Microsoft (so far), my journey into Software Engineering was difficult to say the least. If I could start over, where would I land? Which languages would I learn and which projects would I build?

Discord: https://discord.gg/YCpQcSuVaf

LinkedIn: https://www.linkedin.com/in/jasonlevigoodison
Instagram: https://www.instagram.com/jasongoodison
Twitter: https://twitter.com/GoodisonJason

Get the secret resume templates for free: hiredfortech.com

Watch these too!
I suck at coding: https://youtu.be/fehAgOqTR44
Secret Backdoor: https://youtu.be/kKKign_F3nI
Standup in big tech: https://youtu.be/_qno6VbMG6E

Chapters:
Intro - 0:00
Langs I learned - 0:29
Most useful languages to know - 1:10
My point - 1:45
Coding vs programming - 2:50
Best starting language - 3:35
What to do next - 4:22
What do I build - 6:10
Dunning Kruger Effect - 8:18
Are Hackathons worth? - 8:40

**DISCLAIMER**:
This channel was prepared or accomplished by Jason Goodison in his personal capacity. The opinions expressed in this video are the author's own and do not necessarily reflect the views of Microsoft, Waterloo, or its affiliates.",Jason Goodison,"['software engineer', 'programming', 'software engineering', 'new grad software engineer', 'fintech', 'computer science', 'big tech', 'day in the life of a software engineer', 'nicholas t', 'pirate king', 'joma', 'mayuko', 'frying pan', 'namanh kapur', 'jason goodison', 'software developer', 'faang internship', 'internship', 'interview', 'data structures', 'leetcode', 'microsoft recruiting', 'internships', 'learn to code', 'python', 'learn to code for beginners', 'how to learn to code', 'how to learn programming', 'pooja dutt', 'cs jackie']",28,N/A,2022-06-29T16:00:08Z,PT9M16S,4946167,3933,TRUE,N/A,Unknown
https://www.youtube.com/watch?v=kqtD5dpn9C8,Python for Beginners - Learn Coding with Python in 1 Hour,"Learn Python basics in just 1 hour! Perfect for beginners interested in AI and coding. ‚ö° Plus, get 6 months of PyCharm FREE with the coupon in the description!

‚ù§Ô∏è Join this channel to get access to perks:
https://www.youtube.com/channel/UCWv7vMbMWH4-V0ZXdmDpPBA/join

üöÄ Want to dive deeper? Check out my Complete Python Mastery course: 
- Full course: https://mosh.link/python-course
- Subscribe for more Python tutorials like this: https://goo.gl/6PYaGF

üìï Get the FREE goodies:
- Python cheat sheet: https://mosh.link/python-cheatsheet
- Get 6 months of PyCharm for free with this coupon code: MOSH_YOUTUBE - Redeem it at: https://jb.gg/redeem

‚úã Stay connected:
- Twitter: https://twitter.com/moshhamedani
- Facebook: https://www.facebook.com/programmingwithmosh/
- Instagram: https://www.instagram.com/codewithmosh.official/
- LinkedIn: https://www.linkedin.com/school/codewithmosh/

‚≠ê Related tutorials
https://youtu.be/yVl_G-F7m8c?si=11emtFyDccTKCGn7

üìñ TABLE OF CONTENT
0:00:00 Introduction 
0:00:30 What You Can Do With Python 
0:01:15 Your First Python Program 
0:05:30 Variables
0:09:08 Receiving Input
0:10:48 Type Conversion
0:18:49 Strings
0:23:41 Arithmetic Operators 
0:25:59 Operator Precedence 
0:27:11 Comparison Operators 
0:28:52 Logical Operators
0:31:06 If Statements
0:36:16 Exercise
0:41:42 While Loops
0:45:11 Lists
0:48:47 List Methods
0:52:16 For Loops
0:54:54 The range() Function 
0:57:43 Tuples

#Python #AI #MachineLearning #WebDevelopment",Programming with Mosh,"['code with mosh', 'introduction to python', 'learn python', 'learn python programming', 'mosh hamedani', 'programming', 'programming with mosh', 'python', 'python 2020', 'python 3', 'python basics', 'python course', 'python crash course', 'python for beginners', 'python from scratch', 'python programming', 'python tutorial', 'python tutorial for beginners', 'web development']",27,N/A,2020-09-16T13:00:20Z,PT1H6S,19889007,23307,TRUE,N/A,Unknown
https://www.youtube.com/watch?v=tO0WuF_SC9A,Engineer Vs Programmer üòÉ,,Ark,[],22,N/A,2022-09-30T04:23:50Z,PT30S,132332152,16478,TRUE,N/A,Unknown
https://www.youtube.com/watch?v=pKO9UjSeLew,If Programming Was An Anime,"I tried to solve a leetcode problem I thought it was easy... but then...
Watch Programming Anime Part 2 here: https://youtu.be/OTfp2_SwxHk



üì± SOCIAL MEDIA
‚ñÄ‚ñÄ‚ñÄ‚ñÄ‚ñÄ‚ñÄ‚ñÄ‚ñÄ‚ñÄ‚ñÄ‚ñÄ‚ñÄ‚ñÄ‚ñÄ‚ñÄ‚ñÄ‚ñÄ‚ñÄ‚ñÄ‚ñÄ‚ñÄ‚ñÄ‚ñÄ‚ñÄ‚ñÄ‚ñÄ
https://www.instagram.com/jomakaze/
https://twitter.com/jomakaze
https://www.facebook.com/jomakaze",Joma Tech,"['joma', 'vlog', 'joma tech', 'programming', 'coding', 'leetcode', 'finding duplicate number', 'anime', 'programming anime', 'python', 'software engineer', 'junior engineer', 'senior engineer']",27,N/A,2020-02-24T14:00:07Z,PT3M26S,10786811,15602,TRUE,N/A,Unknown
https://www.youtube.com/watch?v=OIrIwSQRseg,How I would learn to code,"üëá How I would learn coding if I had to start from zero - 5 Steps Approach:

1Ô∏è‚É£ Pick a programming language
2Ô∏è‚É£ Learn with interactive exercises
3Ô∏è‚É£ Build projects by watching others
4Ô∏è‚É£ Build your own projects
5Ô∏è‚É£ Learn Data Structures and Algorithms (DSA) and start Leetcoding!
.
.
‚ù£Ô∏è Save for later and follow for more!
.
üôå For more content like this: https://www.youtube.com/PowerCouple26
üôå Stay tuned for future Q&A and AMA sessions: https://www.instagram.com/power_couple26/
üëâ For TikTokers: https://www.tiktok.com/@power_couple26
.
.
üíª Follow us on LinkedIn:
‚ñ∫ ‚ñ∫ https://www.linkedin.com/in/sarrabounouh
‚ñ∫ ‚ñ∫ https://www.linkedin.com/in/gabag26
.
.
üìå For business inquiries, reach us on: powercouplejourney@gmail.com
.
.
#programming #softwareengineer #leetcode #dsa #codinginterview #learncoding",Sahil & Sarra,[],28,N/A,2023-09-17T13:00:14Z,PT42S,1009563,396,TRUE,N/A,Unknown
https://www.youtube.com/watch?v=WO7wT-FX2mA,5 Years of Coding in under a Minute #shorts,"I've been coding for quite a while now, so I thought I'd share with y'all my coding journey so far! Along the way I have learnt quite a few different programming languages, including Python, Java, Scala, Flutter, and many more, and hopefully my skills accumulated thus far will make me a good software engineer! The position I'm at in my journey so far is studying Computer Science at the University of Oxford. #shorts #coding #programming #computerscience #softwareengineer #softwaredeveloper #python #java",Abhi,"['coding', 'programming', 'computer science', 'software engineering', 'software engineer', 'coding journey', 'software engineering journey', 'shorts']",22,N/A,2022-07-27T12:18:17Z,PT56S,5560253,1738,TRUE,N/A,Unknown
https://www.youtube.com/watch?v=wvqbKGZOSVg,The 5 most HATED programming languages üë©‚Äçüíª #programming #technology #software #career,,Coding with Lewis,[],28,N/A,2022-04-25T16:32:28Z,PT51S,2485874,2216,TRUE,N/A,Unknown
https://www.youtube.com/watch?v=a0me2X_Mi0M,Coding Tutorials #coding,,Devslopes,[],24,N/A,2024-07-02T17:15:17Z,PT11S,870563,1158,TRUE,N/A,Unknown
https://www.youtube.com/watch?v=m0HjTvVCHT4,College Student Fixes Coding Bug üêõ #programming #coding #computerscience,,Devslopes,[],28,N/A,2023-05-03T14:53:30Z,PT57S,8407820,3467,TRUE,N/A,Unknown
https://www.youtube.com/watch?v=iA6wRgwl7k0,Coding Adventure: Sound (and the Fourier Transform),"Some small experiments with sound, and learning how to break signals down into their component frequencies by implementing the Discrete Fourier Transform.

Links:
‚óè Project files: https://github.com/SebLague/Fourier-Transform
‚óè Support my work on:
-- Patreon: https://www.patreon.com/SebastianLague
-- Ko-Fi: https://ko-fi.com/sebastianlague
‚óè Coding Adventures Playlist: https://youtube.com/playlist?
list=PLFt_AvWsXl0ehjAfLFsp1PGaatzAwo0uK&si=LQBQOcF_F0Cxnzj_
‚óè Fluid Sim video: https://youtu.be/rSKMYc1CQHE?si=FtYVPLtOF85iOkMl
‚óè @3blue1brown video: https://youtu.be/spUNpyF58BY?si=U5pu40UUNk-7mda0
‚óè Music Credits: https://github.com/SebLague/Misc-Project-Info/blob/main/Coding-Adventures/FourierTransform

Chapters:
00:00 Intro
00:48 Dot Wav
03:05 Waveform
04:24 Playing a Sound
05:03 Wave Simulation
10:31 Speed Change
12:38 Signal Generation
17:14 Fourier Vis (single frequency)
23:31 Fourier Vis (multiple frequencies)
28:01 First Attempt at DFT
31:39 The Nyquist Rate
35:14 Frequency Resolution
37:25 DFT Implementation
39:31 Testing the DFT Function
42:41 Outro",Sebastian Lague,[],24,N/A,2024-08-10T08:51:14Z,PT43M31S,457470,1218,TRUE,N/A,Unknown
https://www.youtube.com/watch?v=oLHP9ETXWQo,Should you still learn to code? ü§® #coding,,Alberta Tech,[],28,N/A,2024-08-18T20:20:54Z,PT47S,428542,669,TRUE,N/A,Unknown
https://www.youtube.com/watch?v=W_pc29_PJYw,Interview Question | C Programming Language,,Apna College,[],27,N/A,2023-09-19T15:09:41Z,PT57S,3187105,1256,TRUE,N/A,Unknown
